Urbanization_Rate,Population_Density,Per_Capita_GDP,Average_Elevation,Annual_Average_Temperature,Annual_Average_Rainfall,Industry_GDP,Longitude,Latitude,Province,Food,TEQ_PCDDFs,TEQ_dlPCBs,TEQ_total,mPCBs_total,PBDEs_total
0.6,46.54049023,20,1500,18,1200,45,103.767559,29.561364,SC,freshwater_fish,0.03616788,0.049392895,0.085560775,176.3455064,38.35390683
0.6,46.54049023,20,1500,18,1200,45,103.767559,29.561364,SC,freshwater_fish,0.031179742,0.036576707,0.067756449,77.45892111,136.6106381
0.6,46.54049023,20,1500,18,1200,45,103.767559,29.561364,SC,freshwater_fish,0.002218033,0.020921049,0.023139083,45.24316682,192.7071945
0.6,46.54049023,20,1500,18,1200,45,103.767559,29.561364,SC,egg,0.016706076,0.085635796,0.102341872,130.1215107,591.9770115
0.6,46.54049023,20,1500,18,1200,45,103.767559,29.561364,SC,egg,0.011367837,0.054982625,0.066350462,114.6432532,656.4768946
0.6,46.54049023,20,1500,18,1200,45,103.767559,29.561364,SC,freshwater_fish,0.001289427,0.020365343,0.02165477,49.34810369,1044.375239
30.5,15.55555556,2.857142857,3000,6,600,30,102.917585,34.98914,GS,freshwater_fish,0.005738834,0.0109352,0.016674034,41.26549485,20.84246081
32,72.35890014,6,1600,16.5,950,38,101.330567,25.727601,YN,pork,0.001243953,0.028167934,0.029411887,223.6765722,162.5051831
32,72.35890014,6,1600,16.5,950,38,101.330567,25.727601,YN,pork_liver,1.752675601,1.329591959,3.08226756,182.2828096,185.1201479
32,72.35890014,6,1600,16.5,950,38,101.330567,25.727601,YN,egg,0.00884193,0.011481198,0.020323128,456.4026622,204.1430948
32,72.35890014,6,1600,16.5,950,38,101.330567,25.727601,YN,beef,0.293207237,0.481300164,0.774507401,1033.939145,606.4473684
32,72.35890014,6,1600,16.5,950,38,101.330567,25.727601,YN,freshwater_fish,0.072852406,0.081440247,0.154292653,208.2304941,
33,115.1410478,6,1800,16.5,920,36,101.248527,25.509775,YN,freshwater_fish,0.00091294,0.008619939,0.009532879,88.49165015,13.56338833
33,115.1410478,6,1800,16.5,920,36,101.248527,25.509775,YN,egg,0.00822889,0.002084174,0.010313064,386.0302708,235.1540096
33,115.1410478,6,1800,16.5,920,36,101.248527,25.509775,YN,pork,0.00010989,0.088304335,0.088414225,504.7863248,264.7191697
33.5,2.969716705,5.48245614,4000,7.4,500,20,91.06,29.36,XZ,freshwater_fish,0.011864227,0.018987886,0.030852113,62.63385841,35.22657309
33.5,2.969716705,5.48245614,4000,7.4,500,20,91.06,29.36,XZ,freshwater_fish,0.002492204,0.010232933,0.012725137,36.6672317,43.69043789
33.5,2.969716705,5.48245614,4000,7.4,500,20,91.06,29.36,XZ,freshwater_fish,0.008741677,0.030082662,0.038824338,,46.02542733
33.5,2.969716705,5.48245614,4000,7.4,500,20,91.06,29.36,XZ,freshwater_fish,0.019234663,0.015853622,0.035088285,50.61817424,46.39252263
33.5,2.969716705,5.48245614,4000,7.4,500,20,91.06,29.36,XZ,freshwater_fish,0.00782762,0.027746924,0.035574544,,103.0473014
35,200,5.25,550,15.5,1180,36,107.251517,31.917714,SC,freshwater_fish,0.084611098,0.047553553,0.132164652,116.7320538,29.47733716
35,200,5.25,550,15.5,1180,36,107.251517,31.917714,SC,egg,0.015116279,0.046805701,0.06192198,131.8979745,286.2415604
35,106.7008109,6,1700,16,900,35,101.280421,25.198587,YN,egg,0.04053987,0.028765436,0.069305306,298.2593857,174.7223084
35,106.7008109,6,1700,16,900,35,101.280421,25.198587,YN,pork_liver,0.490624777,0.055175295,0.545800071,440.7033202,250.1642271
35,106.7008109,6,1700,16,900,35,101.280421,25.198587,YN,pork,0.001314486,0.03451297,0.035827456,384.5118041,454.1154182
35,106.7008109,6,1700,16,900,35,101.280421,25.198587,YN,freshwater_fish,0.054004964,0.063300242,0.117305205,189.1718372,
35,87.29812309,7.5,1400,18.3,1100,33,99.834131,23.479837,YN,pork,0.000143786,0.037007532,0.037151318,351.8589524,233.9233139
35,87.29812309,7.5,1400,18.3,1100,33,99.834131,23.479837,YN,pork,0.000176759,0.01533257,0.015509329,183.5744681,235.1292962
35,87.29812309,7.5,1400,18.3,1100,33,99.834131,23.479837,YN,pork,0.003106796,0.091392763,0.094499559,510.6531333,324.9485143
35,87.29812309,7.5,1400,18.3,1100,33,99.834131,23.479837,YN,egg,0.000161648,0.058013946,0.058175594,275.8098257,344.199683
35,87.29812309,7.5,1400,18.3,1100,33,99.834131,23.479837,YN,pork,0.002110853,0.12840624,0.130517093,195.6820445,1257.543976
35,87.29812309,7.5,1400,18.3,1100,33,99.834131,23.479837,YN,egg,0.017457358,0.130293138,0.147750496,353.3597779,
36.2,133.0049261,1.481481481,1800,7,400,40,104.63242,35.586833,GS,pork,0,0.004946967,0.004946967,43.64004864,46.27753006
36.2,133.0049261,1.481481481,1800,7,400,40,104.63242,35.586833,GS,freshwater_fish,0.003463518,0.018605687,0.022069204,38.3170603,48.96787175
36.2,133.0049261,1.481481481,1800,7,400,40,104.63242,35.586833,GS,pork_liver,0.668545727,0.118016117,0.786561844,410.1874063,615.2848576
36.2,133.0049261,1.481481481,1800,7,400,40,104.63242,35.586833,GS,beef,0.4784689,0.589582137,1.068051037,614.6012759,1789.362041
38,199.6007984,4.166666667,1600,17.5,1100,40,104.31551,24.89052,YN,freshwater_fish,0.002606043,0.007317965,0.009924008,106.5054816,33.29385278
38,199.6007984,4.166666667,1600,17.5,1100,40,104.31551,24.89052,YN,freshwater_fish,0.047191665,0.030946622,0.078138287,107.4861843,51.87569079
38,272.7272727,6.666666667,500,16,1150,38,107.110593,31.566186,SC,freshwater_fish,0.003635901,0.016699593,0.020335495,37.12147216,25.38996949
38,272.7272727,6.666666667,500,16,1150,38,107.110593,31.566186,SC,egg,0.018730927,0.655324525,0.674055452,95.73502047,11179.16263
38,79.8509449,8.333333333,1500,18.4,1050,36,100.129531,24.442807,YN,beef,0.000378151,0.176723739,0.177101891,1217.741597,767.6785714
38,79.8509449,8.333333333,1500,18.4,1050,36,100.129531,24.442807,YN,beef,0.01257505,0.191791194,0.204366244,1724.116077,810.8405604
38,79.8509449,8.333333333,1500,18.4,1050,36,100.129531,24.442807,YN,beef,11.87038052,0.218423135,12.08880365,1344.596651,
38,75.25586996,10,1800,17.5,950,32,102.410532,25.53609,YN,egg,0.013138345,0.024082188,0.037220532,356.3088622,323.8198304
38.5,100,1.851851852,1200,8.5,600,40,104.966864,33.376032,GS,pork,0.007444704,0.054055574,0.061500278,39.37312437,29.29754363
38.5,100,1.851851852,1200,8.5,600,40,104.966864,33.376032,GS,beef,0.785060976,0.604147866,1.389208841,522.195122,11955.36585
38.5,100,1.851851852,1200,8.5,600,40,104.966864,33.376032,GS,pork_liver,0.940006192,,5.819919814,289.6346749,23608.4582
38.9,81.12393525,3.181818182,1300,8.5,500,40,107.649386,35.715216,GS,pork,0,0.016394481,0.016394481,79.68315211,45.17946919
38.9,81.12393525,3.181818182,1300,8.5,500,40,107.649386,35.715216,GS,freshwater_fish,0.029665181,0.083103689,0.11276887,90.10123182,183.3173896
38.9,81.12393525,3.181818182,1300,8.5,500,40,107.649386,35.715216,GS,pork_liver,1.90767083,2.225936444,4.133607274,489.8530492,826.6127847
38.9,81.12393525,3.181818182,1300,8.5,500,40,107.649386,35.715216,GS,beef,1.50953168,1.499670799,3.009202479,654.0082645,1525.041322
40,198.6491855,6,1500,18,1200,37,100.088443,23.901402,YN,freshwater_fish,0.021252248,0.043115089,0.064367337,119.4709825,25.36210561
40,198.6491855,6,1500,18,1200,37,100.088443,23.901402,YN,freshwater_fish,0.040094516,0.046413266,0.086507782,137.3268319,36.10547058
40,198.6491855,6,1500,18,1200,37,100.088443,23.901402,YN,freshwater_fish,0.003007155,0.024396581,0.027403737,97.41519809,41.86497946
40,198.6491855,6,1500,18,1200,37,100.088443,23.901402,YN,freshwater_fish,0.060754074,0.030428355,0.091182429,169.0296569,88.70710888
40,205.8823529,6.428571429,600,15.2,1200,35,106.834483,32.352532,SC,freshwater_fish,0.000956473,0.009894265,0.010850738,40.61242917,22.19783299
40,205.8823529,6.428571429,600,15.2,1200,35,106.834483,32.352532,SC,egg,0.015780731,0.099143688,0.114924419,140.8181063,775.5564784
40,138.4083045,10,1800,17,900,30,101.553481,25.318846,YN,beef,0.524305677,0.795747598,1.320053275,996.69869,987.8340611
40,250,10,1500,18.1,1150,34,99.931027,24.590502,YN,pork_liver,1.892156536,0.557174854,2.449331391,732.6561199,359.1507077
40,250,10,1500,18.1,1150,34,99.931027,24.590502,YN,pork_liver,0.673699095,0.138252262,0.811951357,698.3653846,426.0576923
40,250,10,1500,18.1,1150,34,99.931027,24.590502,YN,pork_liver,1.11313099,0.097401917,1.210532907,647.629393,526.3961661
40,250,10,1500,18.1,1150,34,99.931027,24.590502,YN,pork_liver,1.26406087,0.450606087,1.714666957,360.4347826,1110.686957
40.8,2272.727273,5,1900,8,500,35,103.249549,35.609899,GS,freshwater_fish,0.080415728,0.108229745,0.188645473,242.1291589,108.6675462
40.8,2272.727273,5,1900,8,500,35,103.249549,35.609899,GS,beef,0.000600667,0.319684093,0.320284761,513.6484983,2781.557286
42,500,6.666666667,550,16.5,1100,40,106.635582,31.802614,SC,egg,0.01211,0.072850667,0.084960667,198.1266667,121.8433333
42,101.3611352,8.571428571,1500,18,1200,35,99.934989,24.586472,YN,beef,0.018057004,0.290439694,0.308496698,1110.288495,1283.663538
42,101.3611352,8.571428571,1500,18,1200,35,99.934989,24.586472,YN,egg,0.022528879,0.089428973,0.111957852,330.7461755,
42,195.5671447,10,800,18.3,1100,38,104.352675,28.834275,SC,pork_liver,0.321255337,0.247950043,0.56920538,271.5713066,403.8343296
42,195.5671447,10,800,18.3,1100,38,104.352675,28.834275,SC,pork_liver,0.506835891,0.053665289,0.560501181,520.7083825,791.038961
42.1,119.2204022,3.47826087,700,13,750,40,109.924418,33.878634,SAX,freshwater_fish,0.019715603,0.040027238,0.059742841,113.8409844,72.69885072
42.1,119.2204022,3.47826087,700,13,750,40,109.924418,33.878634,SAX,pork,0.000253262,0.109408097,0.109661358,103.5686876,107.9911742
42.1,119.2204022,3.47826087,700,13,750,40,109.924418,33.878634,SAX,beef,0.033736369,0.507150858,0.540887227,1010.262577,768.1942477
42.1,119.2204022,3.47826087,700,13,750,40,109.924418,33.878634,SAX,egg,0.362080431,0.048080747,0.410161178,59.49651678,1384.762508
42.7,54.13696653,2.777777778,1500,8,200,45,102.644554,37.934378,GS,pork,0,0.000304099,0.000304099,42.23628692,76.64255576
42.7,54.13696653,2.777777778,1500,8,200,45,102.644554,37.934378,GS,freshwater_fish,0.044815313,0.045673659,0.090488971,113.7065321,280.1173347
42.7,54.13696653,2.777777778,1500,8,200,45,102.644554,37.934378,GS,pork_liver,0.88792183,0.332045758,1.219967588,310.1906578,4616.310772
42.7,54.13696653,2.777777778,1500,8,200,45,102.644554,37.934378,GS,beef,0.252422481,0.453456395,0.705878876,811.3468992,5473.76938
43,348.1288077,8.75,700,18.2,1250,40,104.715575,28.44432,SC,beef,0.305602716,0.176482173,0.48208489,234.3378608,607.1646859
43,348.1288077,8.75,700,18.2,1250,40,104.715575,28.44432,SC,beef,0.247116969,0.258810544,0.505927512,199.1598023,1179.818781
44,291.1208151,8,600,18.1,1300,39,105.242402,28.309905,SC,pork,0.077144,0.1342082,0.2113522,197.376,145.52
44,291.1208151,8,600,18.1,1300,39,105.242402,28.309905,SC,pork,0.08952,0.1110202,0.2005402,176.61,217.75
44,291.1208151,8,600,18.1,1300,39,105.242402,28.309905,SC,pork,0.01586,0.0608248,0.0766848,199.564,921.548
45,533.3333333,6.25,500,16.5,1100,45,106.775513,31.857686,SC,freshwater_fish,0.008745138,0.02876108,0.037506218,28.2515203,10.09751822
45,533.3333333,6.25,500,16.5,1100,45,106.775513,31.857686,SC,freshwater_fish,0.039364136,0.020242715,0.059606852,49.01017635,91.44902345
45,533.3333333,6.25,500,16.5,1100,45,106.775513,31.857686,SC,egg,0.128957484,0.062922248,0.191879732,1031.450204,33352.11415
45,154.6491398,7.5,500,18,1100,38,108.774586,28.84704,CQ,freshwater_fish,0.004096309,0.008700514,0.012796823,17.86673342,2.448682354
45,154.6491398,7.5,500,18,1100,38,108.774586,28.84704,CQ,pork,0.000899007,0.017831209,0.018730215,19.99586093,10.11175497
45,168.9189189,8,1900,16.5,1000,43,103.828485,25.606631,YN,egg,0.02873132,0.074693482,0.103424801,231.6057234,413.7201908
45,168.9189189,8,1900,16.5,1000,43,103.828485,25.606631,YN,egg,0.021890134,0.033153235,0.055043368,371.8684496,1255.724611
45,377.6435045,8,600,18,1200,42,104.524411,28.442511,SC,beef,0.196551724,0.165492241,0.362043966,89.29741379,475.6853448
45,377.6435045,8,600,18,1200,42,104.524411,28.442511,SC,beef,0,0.174497717,0.174497717,321.3089802,3853.409437
45,61.08735492,10,1200,19.5,1050,40,101.860499,26.688767,SC,freshwater_fish,0.002878931,0.007297186,0.010176117,19.14685232,21.94613252
45,61.08735492,10,1200,19.5,1050,40,101.860499,26.688767,SC,freshwater_fish,0.038251017,0.022209052,0.060460069,41.19182679,33.47866116
45,61.08735492,10,1200,19.5,1050,40,101.860499,26.688767,SC,pork,0.025688,0.0489164,0.0746044,204.638,130.714
45,61.08735492,10,1200,19.5,1050,40,101.860499,26.688767,SC,freshwater_fish,0.0007484,0.005425047,0.006173447,15.68327276,202.4362397
45,61.08735492,10,1200,19.5,1050,40,101.860499,26.688767,SC,pork,0.0115,0.064983,0.076483,181.174,363.368
45,61.08735492,10,1200,19.5,1050,40,101.860499,26.688767,SC,pork,0.008088,0.0573656,0.0654536,165.06,461.582
45,164,10,1200,19.5,1050,40,101.860499,26.688767,SC,beef,0.002883675,0.225933529,0.228817204,2726.946888,148.9573151
45,164,10,1200,19.5,1050,40,101.860499,26.688767,SC,beef,0.000463483,0.290158708,0.290622191,2902.879213,4121.699438
45.2,110.5019338,3.846153846,500,15,900,38,109.035601,32.690513,SAX,freshwater_fish,0.086953991,0.047719578,0.134673569,110.8867793,34.07336354
45.2,110.5019338,3.846153846,500,15,900,38,109.035601,32.690513,SAX,freshwater_fish,0.10226266,0.075495932,0.177758592,93.53511539,64.14112568
45.2,110.5019338,3.846153846,500,15,900,38,109.035601,32.690513,SAX,pork,0.000267753,0.102230501,0.102498254,205.4249127,444.3500194
45.2,110.5019338,3.846153846,500,15,900,38,109.035601,32.690513,SAX,beef,0,0.326862994,0.326862994,556.2853107,806.4265537
45.2,110.5019338,3.846153846,500,15,900,38,109.035601,32.690513,SAX,egg,0.120850996,0.094806037,0.215657033,196.0918433,1342.719974
45.3,187.5669882,2.857142857,1200,8,450,42,106.671442,35.549232,GS,freshwater_fish,0.033264483,0.068429323,0.101693807,111.4161975,86.58460206
45.3,187.5669882,2.857142857,1200,8,450,42,106.671442,35.549232,GS,beef,0.51242236,0.480543478,0.992965839,1060.776398,15251.07143
45.3,187.5669882,2.857142857,1200,8,450,42,106.671442,35.549232,GS,pork,0.001357975,0.023573323,0.024931298,96.1671354,20779.26209
45.3,187.5669882,2.857142857,1200,8,450,42,106.671442,35.549232,GS,pork_liver,0.12,0.190024364,0.310024364,438.16,
46,396.8253968,7.5,450,17.3,1350,46,104.076511,29.657303,SC,egg,0.017742151,0.058011022,0.075753173,436.8804275,418.4535738
46,347.5670308,9.714285714,500,18.4,1200,41,104.927564,28.588133,SC,pork_liver,0.02090784,0.000105227,0.021013067,312.2145805,33.98899587
46,347.5670308,9.714285714,500,18.4,1200,41,104.927564,28.588133,SC,pork_liver,0.937594278,0.305848179,1.243442458,384.4993498,1180.942783
46,347.5670308,9.714285714,500,18.4,1200,41,104.927564,28.588133,SC,pork_liver,8.954996232,0.910844009,9.865840241,334.3180106,3220.941974
47,490.7306434,8.444444444,500,18.5,1150,44,105.073595,28.72961,SC,pork,0.104684,0.0212976,0.1259816,145.258,223.906
47,490.7306434,8.444444444,500,18.5,1150,44,105.073595,28.72961,SC,pork,0.094344,0.1107998,0.2051438,263.81,1476.016
47.8,117.4484328,4.6875,600,14,800,42,107.02943,33.0738,SAX,pork,0.005631579,0.052102031,0.05773361,19.47460757,17.65373961
47.8,117.4484328,4.6875,600,14,800,42,107.02943,33.0738,SAX,pork,0.001701729,0.272814407,0.274516136,59.21577266,35.87619782
47.8,117.4484328,4.6875,600,14,800,42,107.02943,33.0738,SAX,freshwater_fish,0.044599888,0.05903573,0.103635618,134.3009941,51.52924965
47.8,117.4484328,4.6875,600,14,800,42,107.02943,33.0738,SAX,freshwater_fish,0.019056283,0.032401746,0.051458029,80.50951381,53.93748542
47.8,117.4484328,4.6875,600,14,800,42,107.02943,33.0738,SAX,egg,0.257807882,0.0017422,0.259550082,308.6781609,739.5607553
47.8,117.4484328,4.6875,600,14,800,42,107.02943,33.0738,SAX,egg,0.261578555,0.049521966,0.311100521,158.0714818,786.1839166
47.8,117.4484328,4.6875,600,14,800,42,107.02943,33.0738,SAX,beef,0.338484848,0.555588578,0.894073427,980.7575758,791.4452214
48,306.9838833,7.5,500,17.4,1280,49,104.140477,30.001664,SC,pork,0.08243,0.0122568,0.0946868,158.478,850.424
48,306.9838833,7.5,500,17.4,1280,49,104.140477,30.001664,SC,egg,0.052600771,0.052202594,0.104803365,85.12793551,2087.504381
48,306.9838833,7.5,500,17.4,1280,49,104.140477,30.001664,SC,beef,0.004291845,0.073579139,0.077870985,233.0277019,5921.007283
48,467.2897196,10,400,17.5,1400,48,103.57841,29.743846,SC,freshwater_fish,0.001847234,0.018767772,0.020615006,25.78923063,47.26393892
48,467.2897196,10,400,17.5,1400,48,103.57841,29.743846,SC,egg,0.254146341,0.045138565,0.299284906,205.4330152,1143.955461
48.6,30.95238095,3.461538462,1400,8.5,180,46,100.456411,38.932066,GS,freshwater_fish,0.001820951,0.010363627,0.012184578,51.90934975,72.18745861
48.6,30.95238095,3.461538462,1400,8.5,180,46,100.456411,38.932066,GS,pork_liver,3.382880871,0.707879152,4.090760023,1030.183276,738.2531501
48.6,30.95238095,3.461538462,1400,8.5,180,46,100.456411,38.932066,GS,pork,0,0.012901215,0.012901215,141.6377674,2038.388812
48.6,30.95238095,3.461538462,1400,8.5,180,46,100.456411,38.932066,GS,beef,3.037694013,0.354751663,3.392445676,1504.560237,4003.717664
48.7,80.31575566,5.714285714,1000,10.5,400,44,109.741616,38.290884,SAX,freshwater_fish,0.003241071,0.018051371,0.021292442,41.84254878,15.24502496
48.7,80.31575566,5.714285714,1000,10.5,400,44,109.741616,38.290884,SAX,pork,0.000411248,0.05541529,0.055826538,73.82249561,111.7381371
48.7,80.31575566,5.714285714,1000,10.5,400,44,109.741616,38.290884,SAX,beef,0.027531843,0.118232235,0.145764079,481.0913998,115.5251292
48.7,80.31575566,5.714285714,1000,10.5,400,44,109.741616,38.290884,SAX,beef,0.248239437,0.15134507,0.399584507,250.0301811,777.0724346
48.7,80.31575566,5.714285714,1000,10.5,400,44,109.741616,38.290884,SAX,egg,0.412257847,0.209825515,0.622083361,596.3111711,3085.58218
50,375.7266411,3.396226415,500,12,650,46,111.013389,35.032707,SX,freshwater_fish,0.014059446,0.025144864,0.03920431,93.22726635,95.60451939
50,59.40968378,6.818181818,800,11.5,500,42,109.501184,36.65609,SAX,freshwater_fish,0.034808561,0.048095373,0.082903934,74.5394585,48.97833328
50,59.40968378,6.818181818,800,11.5,500,42,109.501184,36.65609,SAX,freshwater_fish,0.028480395,0.031582385,0.06006278,66.4314975,57.51771897
50,59.40968378,6.818181818,800,11.5,500,42,109.501184,36.65609,SAX,pork,0.00015528,0.05934265,0.05949793,53.73533471,139.173568
50,59.40968378,6.818181818,800,11.5,500,42,109.501184,36.65609,SAX,beef,0.289077253,0.31770887,0.606786123,496.8597997,689.5851216
50,59.40968378,6.818181818,800,11.5,500,42,109.501184,36.65609,SAX,egg,0.148048452,0.05190747,0.199955922,216.2247645,3343.52961
50,111.5573405,8,1500,17,1000,42,101.552472,25.03886,YN,freshwater_fish,0.003025981,0.0101574,0.013183381,107.4987927,40.93429059
50,111.5573405,8,1500,17,1000,42,101.552472,25.03886,YN,pork,0.002433036,0.044545918,0.046978954,225.5931122,235.4846939
50,111.5573405,8,1500,17,1000,42,101.552472,25.03886,YN,pork_liver,1.11355902,0.085631626,1.199190646,845.077951,366.8151448
50,111.5573405,8,1500,17,1000,42,101.552472,25.03886,YN,beef,0.000682461,0.233078223,0.233760684,997.026421,1720.662312
50,111.5573405,8,1500,17,1000,42,101.552472,25.03886,YN,pork_liver,0.639081706,0.246301518,0.885383225,286.7678959,
50,111.5573405,8,1500,17,1000,42,101.552472,25.03886,YN,beef,0.307820069,0.750652249,1.058472318,732.6557093,
50,645.1612903,8.333333333,400,17.6,1250,50,103.879558,30.198854,SC,pork,0.022758,0.0005694,0.0233274,189.28,6.81
50,645.1612903,8.333333333,400,17.6,1250,50,103.879558,30.198854,SC,beef,0.033549583,0.000266914,0.033816497,164.7173309,7.784986098
50,645.1612903,8.333333333,400,17.6,1250,50,103.879558,30.198854,SC,beef,0.033155007,0.01650823,0.049663237,348.0932785,11.87928669
50,645.1612903,8.333333333,400,17.6,1250,50,103.879558,30.198854,SC,pork,0.059718,0.0381158,0.0978338,589.938,282.102
50,645.1612903,8.333333333,400,17.6,1250,50,103.879558,30.198854,SC,egg,0.152685798,0.077764165,0.230449963,175.6181015,346.4974246
50,645.1612903,8.333333333,400,17.6,1250,50,103.879558,30.198854,SC,egg,0.167056962,0.084567722,0.251624684,141.0316456,586.1424051
50,645.1612903,8.333333333,400,17.6,1250,50,103.879558,30.198854,SC,pork,0.008902,0.0181302,0.0270322,120.252,728.688
50,645.1612903,8.333333333,400,17.6,1250,50,103.879558,30.198854,SC,pork_liver,1.555979899,0.268878392,1.824858291,814.4723618,734.361809
50,645.1612903,8.333333333,400,17.6,1250,50,103.879558,30.198854,SC,beef,0.024958333,0.159745833,0.184704167,502.9166667,931.2361111
50,645.1612903,8.333333333,400,17.6,1250,50,103.879558,30.198854,SC,pork_liver,0.921190476,0.140201299,1.061391775,620.6385281,1000.692641
50,645.1612903,8.333333333,400,17.6,1250,50,103.879558,30.198854,SC,egg,0.274206824,0.081090397,0.355297221,269.0256771,2427.340837
50,230.0613497,8.888888889,300,18,1100,42,108.399498,31.166644,CQ,pork_liver,7.165810956,0.193799141,7.359610097,288.6895811,0
50,230.0613497,8.888888889,300,18,1100,42,108.399498,31.166644,CQ,freshwater_fish,0.017358892,0.00605607,0.023414963,79.2827476,22.79925453
50,230.0613497,8.888888889,300,18,1100,42,108.399498,31.166644,CQ,pork,0.000100121,0.018170965,0.018271086,33.71966019,29.81492718
50,230.0613497,8.888888889,300,18,1100,42,108.399498,31.166644,CQ,beef,0.001886792,0.003419811,0.005306604,345.581761,758.254717
50,230.0613497,8.888888889,300,18,1100,42,108.399498,31.166644,CQ,egg,0.129350771,0.103681924,0.233032695,201.686128,1987.417095
50,380.0675676,13.33333333,500,17,1500,50,103.491546,29.606976,SC,egg,0.200863946,0.08032415,0.281188095,538.5442177,2682.367347
50.1,130,5.454545455,1500,8.5,180,47,98.500685,39.738469,GS,freshwater_fish,0.051157398,0.112250808,0.163408206,168.6331552,105.9545485
50.1,130,5.454545455,1500,8.5,180,47,98.500685,39.738469,GS,pork,0.002242323,0.000659843,0.002902166,148.5074982,202.1494882
50.1,130,5.454545455,1500,8.5,180,47,98.500685,39.738469,GS,pork_liver,0.685044416,0.08685882,0.771903236,355.2411168,2421.865482
50.1,130,5.454545455,1500,8.5,180,47,98.500685,39.738469,GS,beef,0.334883721,0.169119535,0.504003256,869.8976744,4194.176744
50.7,223.7762238,3.75,1200,9,600,43,105.731417,34.587412,GS,pork,5.08E-05,0.011910535,0.011961376,88.12597091,44.13218472
50.7,223.7762238,3.75,1200,9,600,43,105.731417,34.587412,GS,beef,0.002440106,0.295096273,0.29753638,527.3602484,59.76929902
50.7,223.7762238,3.75,1200,9,600,43,105.731417,34.587412,GS,freshwater_fish,0.016789286,0.090704168,0.107493454,156.6990567,144.8370508
50.7,223.7762238,3.75,1200,9,600,43,105.731417,34.587412,GS,pork_liver,1.275828262,0.085385396,1.361213658,385.0439486,1383.407708
52,156.25,6,100,24.5,1500,35,109.062464,19.303998,HN,freshwater_fish,0.000929429,0.002697722,0.003627151,2.968862856,13.04719627
52,156.25,6,100,24.5,1500,35,109.062464,19.303998,HN,freshwater_fish,0.002209421,0.005312261,0.007521682,7.401209461,15.89661362
52,156.25,6,100,24.5,1500,35,109.062464,19.303998,HN,freshwater_fish,0.0023387,0.005865386,0.008204086,9.698734614,17.10414048
52,156.25,6,100,24.5,1500,35,109.062464,19.303998,HN,freshwater_fish,0.003384871,0.009984065,0.013368936,16.10242223,25.42023176
52,156.25,6,100,24.5,1500,35,109.062464,19.303998,HN,freshwater_fish,0.001660565,0.005172825,0.00683339,6.139781592,85.83784666
52,450.4504505,8.333333333,450,17.8,1300,52,103.838525,30.048272,SC,pork_liver,0.369154786,0.291501018,0.660655804,932.9226069,53.16700611
52,450.4504505,8.333333333,450,17.8,1300,52,103.838525,30.048272,SC,pork_liver,2.754496587,0.201693259,2.956189846,669.4283276,264.4624573
52,450.4504505,8.333333333,450,17.8,1300,52,103.838525,30.048272,SC,pork,0.044512,0.0130766,0.0575886,132.862,426.63
52,450.4504505,8.333333333,450,17.8,1300,52,103.838525,30.048272,SC,pork_liver,3.084463415,0.473868293,3.558331707,656.8455285,1524.292683
52,450.4504505,8.333333333,450,17.8,1300,52,103.838525,30.048272,SC,egg,0.023629253,0.049824404,0.073453657,159.4094642,2365.572937
52,450.4504505,8.333333333,450,17.8,1300,52,103.838525,30.048272,SC,beef,0.515035776,0.402396377,0.917432154,318.458712,2916.134855
52,369.5881732,8.571428571,300,18,1050,40,107.776097,30.660553,CQ,freshwater_fish,0,0.008262151,0.008262151,29.11117489,4.546976655
52,369.5881732,8.571428571,300,18,1050,40,107.776097,30.660553,CQ,pork,0.001468269,0.006519901,0.007988169,34.13334556,25.11188555
52,369.5881732,8.571428571,300,18,1050,40,107.776097,30.660553,CQ,egg,0,0.08660644,0.08660644,602.039356,246.7710197
52,369.5881732,8.571428571,300,18,1050,40,107.776097,30.660553,CQ,beef,11.33971193,0.004290123,11.34400206,466.7283951,305.5555556
52,369.5881732,8.571428571,300,18,1050,40,107.776097,30.660553,CQ,pork_liver,2.805504032,0.051162298,2.856666331,414.828629,1014.173387
52,258.0239144,10.17073171,1300,18,1400,45,103.166519,23.364942,YN,pork_liver,0.815058078,0.150150475,0.965208553,416.0506864,107.4445618
52,258.0239144,10.17073171,1300,18,1400,45,103.166519,23.364942,YN,pork,0.001818182,0.088567298,0.09038548,296.0584645,369.7911982
52,258.0239144,10.17073171,1300,18,1400,45,103.166519,23.364942,YN,beef,0.010983607,0.287768443,0.298752049,1143.463115,728.3811475
52,258.0239144,10.17073171,1300,18,1400,45,103.166519,23.364942,YN,egg,0.012063446,0.081481083,0.093544529,358.9464494,801.5075669
52,258.0239144,10.17073171,1300,18,1400,45,103.166519,23.364942,YN,pork,0.001477495,0.02195499,0.023432485,266.7971298,
52,258.0239144,10.17073171,1300,18,1400,45,103.166519,23.364942,YN,beef,0.161196237,0.120507392,0.281703629,282.6108871,
52,258.0239144,10.17073171,1300,18,1400,45,103.166519,23.364942,YN,egg,0.344108326,0.413409968,0.757518294,350.5070585,
52,258.0239144,10.17073171,1300,18,1400,45,103.166519,23.364942,YN,pork_liver,3.485996068,1.097157274,4.583153342,547.2608126,
52.3,403.5328156,4.150943396,400,13,650,43,109.51659,34.505716,SAX,freshwater_fish,0.023562989,0.041597237,0.065160226,148.7175903,53.5713097
52.3,403.5328156,4.150943396,400,13,650,43,109.51659,34.505716,SAX,pork,0.005799369,0.140268265,0.146067634,39.17476341,68.32176656
52.3,403.5328156,4.150943396,400,13,650,43,109.51659,34.505716,SAX,pork,0.000408312,0.066799169,0.067207481,21.26545455,69.50857143
52.3,403.5328156,4.150943396,400,13,650,43,109.51659,34.505716,SAX,beef,0.612172682,0.662766454,1.274939137,451.1606511,503.5951875
52.3,403.5328156,4.150943396,400,13,650,43,109.51659,34.505716,SAX,egg,0,0.243603201,0.243603201,204.431744,543.6740692
52.3,403.5328156,4.150943396,400,13,650,43,109.51659,34.505716,SAX,beef,0.001365099,0.307025384,0.308390483,487.0965645,692.2026847
55,239.8419865,3.529411765,1040,9,400,42,113.373362,40.102783,SX,freshwater_fish,0.228016354,0.185026786,0.41304314,16.75022747,71.53533886
55,519.4805195,7.5,1500,18,1150,42,103.81143,25.502102,YN,freshwater_fish,0.031010495,0.024519024,0.055529519,83.58774409,162.8443318
55,519.4805195,7.5,1500,18,1150,42,103.81143,25.502102,YN,egg,0.301190476,0.282217437,0.583407913,444.1911765,1058.011204
55,519.4805195,7.5,1500,18,1150,42,103.81143,25.502102,YN,freshwater_fish,0.026375772,0.043740683,0.070116455,132.9154142,
55,209.3802345,12,400,18,1100,40,108.777591,29.538813,CQ,pork,0,0.011194942,0.011194942,27.16375595,15.27897482
55,209.3802345,12,400,18,1100,40,108.777591,29.538813,CQ,freshwater_fish,0.003311958,0.005555074,0.008867031,48.1752169,25.19096567
55,209.3802345,12,400,18,1100,40,108.777591,29.538813,CQ,beef,0.002253703,0.067452028,0.069705731,631.5647135,258.7186091
55,209.3802345,12,400,18,1100,40,108.777591,29.538813,CQ,egg,0.008803122,0.018178231,0.026981353,167.3980919,339.2758023
55,209.3802345,12,400,18,1100,40,108.777591,29.538813,CQ,pork_liver,4.064425676,0.081466216,4.145891892,241.3063063,964.8198198
55,137.8834885,12.5,400,18,1150,42,107.766425,29.332027,CQ,freshwater_fish,0,0.007348708,0.007348708,22.1343572,2.361167616
55,137.8834885,12.5,400,18,1150,42,107.766425,29.332027,CQ,pork,0.000317726,0.024696024,0.02501375,27.65050167,26.63600892
55.4,80.18867925,4.705882353,1700,8.5,300,45,104.144451,36.550825,GS,pork,0.000106372,0.019866713,0.019973085,80.05802084,44.41925432
55.4,80.18867925,4.705882353,1700,8.5,300,45,104.144451,36.550825,GS,freshwater_fish,0.034493374,0.048706231,0.083199605,79.75276239,93.43410777
55.4,80.18867925,4.705882353,1700,8.5,300,45,104.144451,36.550825,GS,beef,0.018827451,0.552322745,0.571150196,385.8235294,1962.968627
55.4,80.18867925,4.705882353,1700,8.5,300,45,104.144451,36.550825,GS,pork_liver,0.834685452,0.358001311,1.192686763,452.8899083,2325.465269
55.6,209.0784044,5.263157895,600,13.5,700,44,107.244575,34.368916,SAX,pork,0.000550497,0.043816777,0.044367274,56.71357616,82.51241722
55.6,209.0784044,5.263157895,600,13.5,700,44,107.244575,34.368916,SAX,freshwater_fish,0.016181872,0.025568285,0.041750157,53.44915451,244.4693736
55.6,209.0784044,5.263157895,600,13.5,700,44,107.244575,34.368916,SAX,beef,0.413537061,0.530325098,0.943862159,585.8127438,746.5669701
55.6,209.0784044,5.263157895,600,13.5,700,44,107.244575,34.368916,SAX,egg,0.020080321,0.095757028,0.115837349,376.3487282,946.3688086
55.6,209.0784044,5.263157895,600,13.5,700,44,107.244575,34.368916,SAX,egg,0.003156146,0.058100664,0.061256811,278.7475083,1198.289037
55.6,209.0784044,5.263157895,600,13.5,700,44,107.244575,34.368916,SAX,beef,0.366227998,0.638424083,1.004652081,949.6792236,1559.434117
56,15.61655355,7.356119231,1200,8.7,150,45,87.6821,43.8052,XJ,freshwater_fish,0.002921663,0.011151906,0.014073569,22.2497946,35.00086316
56,15.61655355,7.356119231,1200,8.7,150,45,87.6821,43.8052,XJ,freshwater_fish,0.080081548,0.078457726,0.158539275,96.20382434,50.91623788
56,15.61655355,7.356119231,1200,8.7,150,45,87.6821,43.8052,XJ,freshwater_fish,0.007353254,0.016237196,0.02359045,51.17432222,60.64333599
56,15.61655355,7.356119231,1200,8.7,150,45,87.6821,43.8052,XJ,freshwater_fish,0.001422627,0.008750638,0.010173265,24.49138273,68.61188838
56,15.61655355,7.356119231,1200,8.7,150,45,87.6821,43.8052,XJ,freshwater_fish,0.007714635,0.020609074,0.028323709,73.42018248,77.40730716
56,15.61655355,7.356119231,1200,8.7,150,45,87.6821,43.8052,XJ,freshwater_fish,0.001684928,0.007391641,0.009076568,157.8615701,81.16971725
56,15.61655355,7.356119231,1200,8.7,150,45,87.6821,43.8052,XJ,freshwater_fish,0.091105563,0.029444768,0.120550331,44.6426612,88.5401154
56,15.61655355,7.356119231,1200,8.7,150,45,87.6821,43.8052,XJ,freshwater_fish,0.024637106,0.028480324,0.05311743,91.11797854,106.470277
56,15.61655355,7.356119231,1200,8.7,150,45,87.6821,43.8052,XJ,freshwater_fish,0.050412772,0.01934525,0.069758022,36.07011644,136.461955
56,15.61655355,7.356119231,1200,8.7,150,45,87.6821,43.8052,XJ,freshwater_fish,0.00807818,0.009998187,0.018076367,28.28194135,235.666112
58,242.3603793,4.347826087,1000,10.5,500,45,112.858578,35.496285,SX,freshwater_fish,0.126517554,0.045370046,0.1718876,29.59929792,57.06784105
60,201.1459222,4.545454545,800,11,550,44,112.759595,37.692839,SX,freshwater_fish,0.040345321,0.00602625,0.046371571,174.0427679,75.18998249
60,269.1272587,11.42857143,400,18,1150,44,107.105585,29.163479,CQ,freshwater_fish,0.040269853,0.004385282,0.044655135,64.42708821,4.87466093
60,269.1272587,11.42857143,400,18,1150,44,107.105585,29.163479,CQ,pork,0.00033925,0.010844403,0.011183653,38.17921557,33.25365016
60,416.6666667,12,80,22.5,1300,45,108.279494,22.787046,GX,freshwater_fish,0.010922328,0.01889718,0.029819508,18.9066156,31.24804898
60,416.6666667,12,80,22.5,1300,45,108.279494,22.787046,GX,freshwater_fish,0.052084197,0.008155631,0.060239828,608.1492956,123.3649425
60,416.6666667,12,80,22.5,1300,45,108.279494,22.787046,GX,freshwater_fish,0.103378447,0.257412472,0.360790919,182.4894166,199.6944466
60,416.6666667,12,80,22.5,1300,45,108.279494,22.787046,GX,freshwater_fish,0.200133637,0.180534936,0.380668573,13.82742796,348.5884944
60,374.0224413,13.63636364,300,18.5,1250,46,107.39642,29.709278,CQ,pork,0.000460361,0.011081376,0.011541737,28.99643456,22.51887584
60,374.0224413,13.63636364,300,18.5,1250,46,107.39642,29.709278,CQ,freshwater_fish,0.019147311,0.016270942,0.035418254,68.26189719,52.70805872
60,374.0224413,13.63636364,300,18.5,1250,46,107.39642,29.709278,CQ,pork_liver,0.644977134,0.312125762,0.957102896,228.757622,63.0945122
60,374.0224413,13.63636364,300,18.5,1250,46,107.39642,29.709278,CQ,egg,0.000707489,0.000893256,0.001600745,245.3123707,693.5622673
60,374.0224413,13.63636364,300,18.5,1250,46,107.39642,29.709278,CQ,beef,0.692962963,0.738413255,1.431376218,1141.676413,937.1734893
60.2,489.572114,5,500,13.5,680,48,108.715422,34.335476,SAX,freshwater_fish,0.023072346,0.0317177,0.054790046,74.1790369,37.77174089
60.2,489.572114,5,500,13.5,680,48,108.715422,34.335476,SAX,pork,0.00119898,0.070046429,0.071245408,31.56972789,110.3197279
60.2,489.572114,5,500,13.5,680,48,108.715422,34.335476,SAX,egg,0,0.22409116,0.22409116,169.4716851,517.8245856
60.2,489.572114,5,500,13.5,680,48,108.715422,34.335476,SAX,beef,0.031731332,0.410648599,0.442379931,563.3976734,558.5721713
60.2,489.572114,5,500,13.5,680,48,108.715422,34.335476,SAX,egg,0,0.118760057,0.118760057,251.1640514,569.0527817
60.2,489.572114,5,500,13.5,680,48,108.715422,34.335476,SAX,pork,0,0.076502101,0.076502101,32.1612395,2808.764443
62,626.7409471,10,300,18,1100,44,105.728405,29.713114,CQ,freshwater_fish,0.006369732,0.002358263,0.008727995,59.5240976,4.108691268
62,626.7409471,10,300,18,1100,44,105.728405,29.713114,CQ,pork,0,0.001827031,0.001827031,44.65564342,21.2178289
62,545.4545455,10.83333333,85,22.5,1280,44,108.319572,22.839652,GX,freshwater_fish,0.092824492,0.011379283,0.104203775,10.75500042,39.81804126
62.3,56.32533514,6,1400,8,200,48,102.194606,38.52582,GS,pork,7.25E-05,0.030587162,0.030659705,90.29896681,59.16465157
62.3,56.32533514,6,1400,8,200,48,102.194606,38.52582,GS,freshwater_fish,0.011804827,0.026783709,0.038588536,69.83473242,462.24718
62.3,56.32533514,6,1400,8,200,48,102.194606,38.52582,GS,beef,0.320680628,0.464543194,0.785223822,,721.0209424
62.3,56.32533514,6,1400,8,200,48,102.194606,38.52582,GS,pork_liver,0.637086093,0.262133353,0.899219446,233.8771824,7004.425045
64.1,206.0793405,6.25,700,12.5,600,41,108.952404,34.902637,SAX,pork,0.000285714,0.036936149,0.037221863,13.57432712,6.626086957
64.1,206.0793405,6.25,700,12.5,600,41,108.952404,34.902637,SAX,freshwater_fish,0.017092492,0.02064377,0.037736262,45.98682468,23.76324153
64.1,206.0793405,6.25,700,12.5,600,41,108.952404,34.902637,SAX,beef,0,0.312653333,0.312653333,411.2615385,245.9179487
64.1,206.0793405,6.25,700,12.5,600,41,108.952404,34.902637,SAX,egg,0.138017566,0.132115747,0.270133312,733.4849435,10375.19762
65,161.2903226,8.333333333,1100,20,1100,46,101.725541,26.588033,SC,freshwater_fish,0.01922334,0.011393251,0.030616591,28.36323624,15.09245958
65,161.2903226,8.333333333,1100,20,1100,46,101.725541,26.588033,SC,beef,0.058772129,0.300826888,0.359599016,1805.382051,59.07958186
65,161.2903226,8.333333333,1100,20,1100,46,101.725541,26.588033,SC,pork_liver,3.503047619,0.566592063,4.069639683,646.5291005,59.88359788
65,161.2903226,8.333333333,1100,20,1100,46,101.725541,26.588033,SC,pork,0.005965318,0.096328227,0.102293545,124.5163776,212.3333333
65,161.2903226,8.333333333,1100,20,1100,46,101.725541,26.588033,SC,freshwater_fish,0.059791012,0.302683667,0.362474678,250.2203285,322.8581149
65,161.2903226,8.333333333,1100,20,1100,46,101.725541,26.588033,SC,pork_liver,0.732573464,0.095818789,0.828392253,522.2707035,735.6544969
65,161.2903226,8.333333333,1100,20,1100,46,101.725541,26.588033,SC,pork_liver,1.441650602,0.042437048,1.484087651,364.2349398,771.8433735
65,161.2903226,8.333333333,1100,20,1100,46,101.725541,26.588033,SC,pork,0.010618,0.0115068,0.0221248,298.964,851.288
65,161.2903226,8.333333333,1100,20,1100,46,101.725541,26.588033,SC,pork_liver,1.720105171,0.931102103,2.651207274,597.4145486,859.3076249
65,161.2903226,8.333333333,1100,20,1100,46,101.725541,26.588033,SC,beef,0.561020408,0.823105332,1.384125741,952.0013167,1246.754444
65,161.2903226,8.333333333,1100,20,1100,46,101.725541,26.588033,SC,pork_liver,3.656925593,1.766164759,5.423090352,377.2444808,1475.331153
65,161.2903226,8.333333333,1100,20,1100,46,101.725541,26.588033,SC,beef,0.168740946,0.66125214,0.829993086,861.829975,2378.934545
65,538.4615385,10,90,22,1250,46,108.501439,22.792227,GX,freshwater_fish,0.055847462,0.032821508,0.08866897,18.58602461,31.71469297
65,538.4615385,10,90,22,1250,46,108.501439,22.792227,GX,freshwater_fish,0.035788229,0.081443817,0.117232046,22.90017503,44.75874276
65,538.4615385,10,90,22,1250,46,108.501439,22.792227,GX,freshwater_fish,0.001620082,0.019742763,0.021362845,53.36447491,47.98512901
65,538.4615385,10,90,22,1250,46,108.501439,22.792227,GX,freshwater_fish,0.075320256,0.059668629,0.134988885,87.00789599,50.24183957
65,538.4615385,10,90,22,1250,46,108.501439,22.792227,GX,freshwater_fish,0.03715122,0.006744511,0.043895731,264.1568951,73.58792101
65,491.7558577,10.58823529,300,18.5,1200,45,108.415558,30.813622,CQ,beef,0.009845758,0.179233933,0.189079692,442.18509,0
65,491.7558577,10.58823529,300,18.5,1200,45,108.415558,30.813622,CQ,freshwater_fish,0.00581128,0.008811042,0.014622321,55.36323467,16.79336723
65,491.7558577,10.58823529,300,18.5,1200,45,108.415558,30.813622,CQ,pork,0,0.005291998,0.005291998,100.6200318,24.17859036
65,491.7558577,10.58823529,300,18.5,1200,45,108.415558,30.813622,CQ,pork_liver,1.180869565,0.361811873,1.542681438,319.6571906,46.48829431
65,491.7558577,10.58823529,300,18.5,1200,45,108.415558,30.813622,CQ,egg,0.017427101,0.04231275,0.059739851,275.3973699,1090.554603
65,632.4666198,11.11111111,250,18,1200,44,107.087531,29.86352,CQ,freshwater_fish,0.002856463,0.005420043,0.008276506,66.44037134,3.594858367
65,632.4666198,11.11111111,250,18,1200,44,107.087531,29.86352,CQ,pork,3.69E-05,0.003657522,0.003694427,24.12719892,36.53954976
66,375,11.66666667,250,18.5,1200,45,106.265598,29.295884,CQ,beef,0,0.280950309,0.280950309,1466.452943,0
66,375,11.66666667,250,18.5,1200,45,106.265598,29.295884,CQ,pork,3.59E-05,0.003552261,0.003588165,52.91755319,31.43882979
66,375,11.66666667,250,18.5,1200,45,106.265598,29.295884,CQ,freshwater_fish,0.013675901,0.020399366,0.034075268,77.21755744,37.21353512
66,375,11.66666667,250,18.5,1200,45,106.265598,29.295884,CQ,egg,0.033175355,0.416049763,0.449225118,492.6018957,733.2701422
66,375,11.66666667,250,18.5,1200,45,106.265598,29.295884,CQ,pork_liver,0.260503311,0.122237086,0.382740397,554.8741722,2633.854305
67.31,109.7891566,7.290740741,1100,7.6,500,40,106.2,36.3,NX,freshwater_fish,0.019837297,0.014820976,0.034658272,26.39726041,6.082321072
67.31,109.7891566,7.290740741,1100,7.6,500,40,106.2,36.3,NX,freshwater_fish,0.006671263,0.022453211,0.029124474,39.98415372,17.39636616
67.31,109.7891566,7.290740741,1100,7.6,500,40,106.2,36.3,NX,freshwater_fish,0.04395883,0.022567161,0.066525991,44.07694918,26.14099589
67.31,109.7891566,7.290740741,1100,7.6,500,40,106.2,36.3,NX,freshwater_fish,0.02900172,0.013632124,0.042633845,33.92814809,28.34751652
67.31,109.7891566,7.290740741,1100,7.6,500,40,106.2,36.3,NX,freshwater_fish,0.013437832,0.027479882,0.040917715,141.103894,32.01912611
67.31,109.7891566,7.290740741,1100,7.6,500,40,106.2,36.3,NX,freshwater_fish,0.013364585,0.024874206,0.038238791,30.13779854,32.06315471
67.31,109.7891566,7.290740741,1100,7.6,500,40,106.2,36.3,NX,freshwater_fish,0.004649253,0.00995966,0.014608913,22.57986826,32.44413992
67.31,109.7891566,7.290740741,1100,7.6,500,40,106.2,36.3,NX,freshwater_fish,0.044052448,0.028525771,0.072578219,103.907507,34.6426381
67.31,109.7891566,7.290740741,1100,7.6,500,40,106.2,36.3,NX,freshwater_fish,0.071775013,0.025886142,0.097661155,32.33938804,45.9764987
67.31,109.7891566,7.290740741,1100,7.6,500,40,106.2,36.3,NX,freshwater_fish,0.019808094,0.040805101,0.060613195,37.90593857,76.36668101
68,466.893039,11.81818182,250,18,1150,43,106.282541,29.978181,CQ,freshwater_fish,0,0.008564644,0.008564644,77.61686663,9.545477174
68,466.893039,11.81818182,250,18,1150,43,106.282541,29.978181,CQ,pork,0,0.003864402,0.003864402,64.26491579,27.23808164
68,466.893039,11.81818182,250,18,1150,43,106.282541,29.978181,CQ,egg,0.004064458,0.059269024,0.063333483,173.9973142,365.9131603
68,466.893039,11.81818182,250,18,1150,43,106.282541,29.978181,CQ,pork_liver,1.607626753,0.043710895,1.651337648,206.4617044,547.4865156
68,466.893039,11.81818182,250,18,1150,43,106.282541,29.978181,CQ,beef,0,0.576698087,0.576698087,600.7513661,3040.669399
70,629.65083,4.545454545,800,11.5,600,48,112.556391,37.876989,SX,freshwater_fish,0.14465991,0.22275776,0.36741767,36.81157159,33.32489277
70,765.0273224,11.42857143,250,18.5,1200,45,106.233475,29.598347,CQ,freshwater_fish,0,0.008978381,0.008978381,28.53519097,4.443910641
70,765.0273224,11.42857143,250,18.5,1200,45,106.233475,29.598347,CQ,pork,0.003181214,0.055180771,0.058361985,124.5015507,101.564023
70,634.5177665,12,250,18.5,1250,46,105.933499,29.362046,CQ,beef,0.257553016,0.300452697,0.558005713,1568.654982,0
70,634.5177665,12,250,18.5,1250,46,105.933499,29.362046,CQ,freshwater_fish,0.068640208,0.014064179,0.082704387,71.68649503,49.11097686
70,634.5177665,12,250,18.5,1250,46,105.933499,29.362046,CQ,pork_liver,2.259030023,0.186661663,2.445691686,360.7736721,190.7274827
70,634.5177665,12,250,18.5,1250,46,105.933499,29.362046,CQ,pork,0.000982636,0.047865331,0.048847968,156.6298343,709.5876085
70,634.5177665,12,250,18.5,1250,46,105.933499,29.362046,CQ,egg,0.000761169,0.116650303,0.117411473,229.9338114,2128.378378
74.5,1187.178472,8.333333333,400,14,700,50,108.946466,34.347269,SAX,freshwater_fish,0.024695174,0.027746494,0.052441668,53.08874844,45.20508263
74.5,1187.178472,8.333333333,400,14,700,50,108.946466,34.347269,SAX,freshwater_fish,0.019222347,0.040447593,0.05966994,91.21590726,47.49927548
74.5,1187.178472,8.333333333,400,14,700,50,108.946466,34.347269,SAX,freshwater_fish,0.03319367,0.034318332,0.067512002,130.0607619,65.61479651
74.5,1187.178472,8.333333333,400,14,700,50,108.946466,34.347269,SAX,pork,0.011540002,0.063508189,0.075048191,21.29727819,68.08412867
74.5,1187.178472,8.333333333,400,14,700,50,108.946466,34.347269,SAX,pork,0.000202337,0.100195833,0.100398169,46.69035288,120.0180658
74.5,1187.178472,8.333333333,400,14,700,50,108.946466,34.347269,SAX,pork,0.014073337,0.131169408,0.145242745,47.21529597,157.3839707
74.5,1187.178472,8.333333333,400,14,700,50,108.946466,34.347269,SAX,egg,0.081300813,0.082171183,0.163471996,310.6729901,399.4083107
74.5,1187.178472,8.333333333,400,14,700,50,108.946466,34.347269,SAX,beef,0.000661986,0.125381143,0.126043129,682.6980943,842.5376128
74.5,1187.178472,8.333333333,400,14,700,50,108.946466,34.347269,SAX,beef,0.083413648,0.174396083,0.257809731,881.6881704,1050.25649
74.5,1187.178472,8.333333333,400,14,700,50,108.946466,34.347269,SAX,egg,0.06086513,0.119451832,0.180316963,433.2867397,1313.634303
74.5,1187.178472,8.333333333,400,14,700,50,108.946466,34.347269,SAX,egg,0.039394141,0.071411119,0.11080526,252.7629827,2548.661784
74.5,1187.178472,8.333333333,400,14,700,50,108.946466,34.347269,SAX,beef,0.013395847,1.087171802,1.100567649,1242.51507,2606.245814
75.19,267.1005386,8.006889598,1300,18.2,1350,44,103.371546,23.40208,YN,beef,0.000356789,0.009950446,0.010307235,621.7641229,438.1070367
75.19,267.1005386,8.006889598,1300,18.2,1350,44,103.371546,23.40208,YN,beef,0.232669983,0.217837479,0.450507463,1146.086235,1066.94859
75.19,267.1005386,8.006889598,1300,18.2,1350,44,103.371546,23.40208,YN,pork_liver,6.972513935,1.493026198,8.465540134,438.7681159,1602.993311
75.19,267.1005386,8.006889598,1300,18.2,1350,44,103.371546,23.40208,YN,pork,0.001742076,0.04740963,0.049151706,294.1519477,
75.19,267.1005386,8.006889598,1300,18.2,1350,44,103.371546,23.40208,YN,pork,0.198734433,0.080350724,0.279085157,547.694379,
75.19,267.1005386,8.006889598,1300,18.2,1350,44,103.371546,23.40208,YN,pork_liver,12.14245399,1.778587594,13.92104158,1250.674847,
80.2,282.7665266,8.108108108,1600,9.5,350,52,103.840521,36.067235,GS,pork,0.000242877,0.011112869,0.011355746,76.78792977,16.04142572
80.2,282.7665266,8.108108108,1600,9.5,350,52,103.840521,36.067235,GS,freshwater_fish,0.024535809,0.019236171,0.04377198,68.65530181,205.5787022
80.2,282.7665266,8.108108108,1600,9.5,350,52,103.840521,36.067235,GS,pork_liver,0.930325866,0.180839104,1.111164969,475.9979633,1582.352342
80.2,282.7665266,8.108108108,1600,9.5,350,52,103.840521,36.067235,GS,beef,0.460171629,0.16767384,0.627845469,999.6233337,11861.3049
86.5,1155.440415,11.91957182,3,12.3,600,50,117.2,39.13,TJ,freshwater_fish,0.018399547,0.005687927,0.024087474,,25.8665546
86.5,1155.440415,11.91957182,3,12.3,600,50,117.2,39.13,TJ,freshwater_fish,0.113525695,0.018153805,0.131679499,24.22299141,33.57338219
86.5,1155.440415,11.91957182,3,12.3,600,50,117.2,39.13,TJ,freshwater_fish,0.052208182,0.021787329,0.073995511,40.5448798,35.61539711
86.5,1155.440415,11.91957182,3,12.3,600,50,117.2,39.13,TJ,freshwater_fish,0.074634075,0.019840474,0.094474549,44.12095141,53.12661041
86.5,1155.440415,11.91957182,3,12.3,600,50,117.2,39.13,TJ,freshwater_fish,0.018544494,0.029586228,0.048130722,68.15846094,84.50782111
86.5,1155.440415,11.91957182,3,12.3,600,50,117.2,39.13,TJ,freshwater_fish,0.057351538,0.022892529,0.080244067,82.49368739,90.33892722
90.5,78.36456559,15.2173913,1500,9,150,50,98.296204,39.77796,GS,pork,0.003109141,8.70E-05,0.003196114,18.0577304,19.52645977
90.5,78.36456559,15.2173913,1500,9,150,50,98.296204,39.77796,GS,freshwater_fish,0.164133809,0.048741584,0.212875393,59.54738377,106.8582537
90.5,78.36456559,15.2173913,1500,9,150,50,98.296204,39.77796,GS,beef,0.15858773,0.12681898,0.28540671,783.380474,9257.957021
90.5,78.36456559,15.2173913,1500,9,150,50,98.296204,39.77796,GS,pork_liver,1.785443038,0.125540953,1.910983991,851.2956069,16801.53388
100,2546.296296,18.18181818,250,18.5,1300,48,106.517559,29.507928,CQ,freshwater_fish,0.17994479,0.011386564,0.191331354,77.04370418,0
100,2546.296296,18.18181818,250,18.5,1300,48,106.517559,29.507928,CQ,egg,0.040520833,0.090787405,0.131308239,281.7376894,47.63257576
100,2546.296296,18.18181818,250,18.5,1300,48,106.517559,29.507928,CQ,pork_liver,1.71470524,0.043117904,1.757823144,460.5240175,142.4344978
100,2546.296296,18.18181818,250,18.5,1300,48,106.517559,29.507928,CQ,pork,0.000198625,0.012821238,0.013019862,210.2775656,346.5342501
100,2546.296296,18.18181818,250,18.5,1300,48,106.517559,29.507928,CQ,beef,0.001581794,0.024257323,0.025839117,131.6403785,538.4858044
100,2163.6,18.46153846,250,18.5,1350,50,106.57544,29.55909,CQ,egg,0.000412022,0.033695064,0.034107086,54.38893312,4.562101911
100,2163.6,18.46153846,250,18.5,1350,50,106.57544,29.55909,CQ,freshwater_fish,0.181363552,0.008987381,0.190350933,92.0501995,44.48408648
100,2163.6,18.46153846,250,18.5,1350,50,106.57544,29.55909,CQ,pork,6.32E-05,0.054598525,0.054661749,130.9125395,308.5605901
100,2163.6,18.46153846,250,18.5,1350,50,106.57544,29.55909,CQ,beef,0.009816754,0.053938482,0.063755236,380.5759162,534.0445026
100,2163.6,18.46153846,250,18.5,1350,50,106.57544,29.55909,CQ,pork_liver,0.771664964,0.624782431,1.396447395,251.2053115,9416.996936
100,3053.435115,18.75,250,18.5,1250,47,106.66843,29.502683,CQ,freshwater_fish,0.100244953,0.030106872,0.130351824,1190.026857,6.105297277
100,3053.435115,18.75,250,18.5,1250,47,106.66843,29.502683,CQ,pork_liver,0.395553453,0.034534532,0.430087985,327.8429518,71.80700095
100,3053.435115,18.75,250,18.5,1250,47,106.66843,29.502683,CQ,beef,0,0.020030492,0.020030492,439.4614836,94.87696148
100,3053.435115,18.75,250,18.5,1250,47,106.66843,29.502683,CQ,pork,0.00103227,0.026721525,0.027753795,99.42060873,312.0810414
100,3053.435115,18.75,250,18.5,1250,47,106.66843,29.502683,CQ,egg,0.817674419,0.244285412,1.061959831,2047.737844,855.602537
100,895.3168044,19.23076923,250,18.5,1300,48,106.637559,29.723927,CQ,beef,0.032597095,0.193204492,0.225801587,642.916802,0
100,895.3168044,19.23076923,250,18.5,1300,48,106.637559,29.723927,CQ,freshwater_fish,0.167803365,0.009602414,0.177405779,83.85950453,24.54452902
100,895.3168044,19.23076923,250,18.5,1300,48,106.637559,29.723927,CQ,pork_liver,0.502408575,0.053650694,0.556059269,381.4627995,33.35435057
100,895.3168044,19.23076923,250,18.5,1300,48,106.637559,29.723927,CQ,pork,0.011807279,0.021696857,0.033504136,98.64350703,116.108354
100,895.3168044,19.23076923,250,18.5,1300,48,106.637559,29.723927,CQ,egg,0.137483506,0.067674364,0.20515787,236.7766258,1214.750236
